Code,Partner,LDC and other,LDC and other Source,Income group,Income group Source,Development region,Development region Source,WTO Member,NetFoodImporting,World,FSR,FSR_EEU,FSR_EU
4,Afghanistan,LDC,UN WESP,Low-income,UN WESP,Developing economies,OK,No,NFIDC,WorldTotal,ROW,ROW,ROW
8,Albania,ODCs,Manual,Upper middle income,UN WESP,Economies in transition,OK,Yes,Other,WorldTotal,ROW,ROW,ROW
12,Algeria,ODCs,Manual,Upper middle income,UN WESP,Developing economies,OK,No,Other,WorldTotal,ROW,ROW,ROW
16,American Samoa,ODCs,Manual,Upper middle income,World Bank list of economies (March 2017),Developing economies,Small island developing States,No,Other,WorldTotal,ROW,ROW,ROW
20,Andorra,ODCs,Manual,Others,World Bank list of economies (March 2017),Developed economies,Manual,No,Other,WorldTotal,ROW,ROW,EU
24,Angola,LDC,UN WESP,Upper middle income,UN WESP,Developing economies,OK,Yes,NFIDC,WorldTotal,ROW,ROW,ROW
660,Anguilla,ODCs,Manual,Others,WB WITS,Developing economies,Small island developing States,No,Other,WorldTotal,ROW,ROW,ROW
10,Antarctica,ODCs,Manual,Others,WB WITS,"Other regions, nes",Manual,No,Other,WorldTotal,ROW,ROW,ROW
28,Antigua and Barbuda,ODCs,Manual,High-income,World Bank list of economies (March 2017),Developing economies,Small island developing States,Yes,NFIDC,WorldTotal,ROW,ROW,ROW
899,"Areas, nes",ODCs,Manual,Others,WB WITS,"Other regions, nes",Manual,No,Other,WorldTotal,ROW,ROW,ROW
32,Argentina,ODCs,Manual,Upper middle income,UN WESP,Developing economies,OK,Yes,Other,WorldTotal,ROW,ROW,ROW
51,Armenia,ODCs,Manual,Lower middle income,UN WESP,Economies in transition,OK,Yes,Other,WorldTotal,FSR,EEU,FSR
533,Aruba,ODCs,Manual,High-income,World Bank list of economies (March 2017),Developing economies,Small island developing States,No,Other,WorldTotal,ROW,ROW,ROW
36,Australia,ODCs,Manual,High-income,UN WESP,Developed economies,OK,Yes,Other,WorldTotal,ROW,ROW,ROW
40,Austria,ODCs,Manual,High-income,UN WESP,Developed economies,OK,Yes,Other,WorldTotal,ROW,ROW,EU
31,Azerbaijan,ODCs,Manual,Upper middle income,UN WESP,Economies in transition,OK,No,Other,WorldTotal,FSR,other FSR,FSR
44,Bahamas,ODCs,Manual,High-income,UN WESP,Developing economies,OK,No,Other,WorldTotal,ROW,ROW,ROW
48,Bahrain,ODCs,Manual,High-income,UN WESP,Developing economies,OK,Yes,Other,WorldTotal,ROW,ROW,ROW
50,Bangladesh,LDC,UN WESP,Lower middle income,UN WESP,Developing economies,OK,Yes,NFIDC,WorldTotal,ROW,ROW,ROW
52,Barbados,ODCs,Manual,High-income,UN WESP,Developing economies,OK,Yes,NFIDC,WorldTotal,ROW,ROW,ROW
112,Belarus,ODCs,Manual,Upper middle income,UN WESP,Economies in transition,OK,No,Other,WorldTotal,FSR,EEU,FSR
56,Belgium,ODCs,Manual,High-income,UN WESP,Developed economies,OK,Yes,Other,WorldTotal,ROW,ROW,EU
58,Belgium-Luxembourg,ODCs,Manual,High-income,UN WESP,Developed economies,OK,No,Other,WorldTotal,ROW,ROW,EU
84,Belize,ODCs,Manual,Upper middle income,UN WESP,Developing economies,OK,Yes,Other,WorldTotal,ROW,ROW,ROW
204,Benin,LDC,UN WESP,Low-income,UN WESP,Developing economies,OK,Yes,NFIDC,WorldTotal,ROW,ROW,ROW
60,Bermuda,ODCs,Manual,High-income,World Bank list of economies (March 2017),Developing economies,Small island developing States,No,Other,WorldTotal,ROW,ROW,ROW
64,Bhutan,LDC,UN WESP,Lower middle income,UN WESP,Developing economies,OK,No,NFIDC,WorldTotal,ROW,ROW,ROW
68,Bolivia (Plurinational State of),ODCs,Manual,Lower middle income,UN WESP,Developing economies,OK,Yes,Other,WorldTotal,ROW,ROW,ROW
535,Bonaire,ODCs,Manual,Others,WB WITS,Developing economies,Manual,No,Other,WorldTotal,ROW,ROW,ROW
70,Bosnia Herzegovina,ODCs,Manual,Upper middle income,UN WESP,Economies in transition,OK,No,Other,WorldTotal,ROW,ROW,ROW
72,Botswana,ODCs,Manual,Upper middle income,UN WESP,Developing economies,OK,Yes,NFIDC,WorldTotal,ROW,ROW,ROW
74,Bouvet Island,ODCs,Manual,Others,WB WITS,Developing economies,Manual,No,Other,WorldTotal,ROW,ROW,ROW
80,Br. Antarctic Terr.,ODCs,Manual,Others,WB WITS,Developed economies,Manual,No,Other,WorldTotal,ROW,ROW,ROW
86,Br. Indian Ocean Terr.,ODCs,Manual,Others,WB WITS,Developed economies,Manual,No,Other,WorldTotal,ROW,ROW,ROW
92,Br. Virgin Isds,ODCs,Manual,High-income,World Bank list of economies (March 2017),Developing economies,Small island developing States,No,Other,WorldTotal,ROW,ROW,ROW
76,Brazil,ODCs,Manual,Upper middle income,UN WESP,Developing economies,OK,Yes,Other,WorldTotal,ROW,ROW,ROW
96,Brunei Darussalam,ODCs,Manual,High-income,UN WESP,Developing economies,OK,Yes,Other,WorldTotal,ROW,ROW,ROW
100,Bulgaria,ODCs,Manual,Upper middle income,UN WESP,Developed economies,OK,Yes,Other,WorldTotal,ROW,ROW,EU
837,Bunkers,ODCs,Manual,Others,WB WITS,"Other regions, nes",Manual,No,Other,WorldTotal,ROW,ROW,ROW
854,Burkina Faso,LDC,UN WESP,Low-income,UN WESP,Developing economies,OK,Yes,NFIDC,WorldTotal,ROW,ROW,ROW
108,Burundi,LDC,UN WESP,Low-income,UN WESP,Developing economies,OK,Yes,NFIDC,WorldTotal,ROW,ROW,ROW
132,Cabo Verde,ODCs,Manual,Lower middle income,UN WESP,Developing economies,OK,Yes,Other,WorldTotal,ROW,ROW,ROW
471,"CACM, nes",ODCs,Manual,Others,WB WITS,"Other regions, nes",Manual,No,Other,WorldTotal,ROW,ROW,ROW
116,Cambodia,LDC,UN WESP,Lower middle income,UN WESP,Developing economies,OK,Yes,NFIDC,WorldTotal,ROW,ROW,ROW
120,Cameroon,ODCs,Manual,Lower middle income,UN WESP,Developing economies,OK,Yes,Other,WorldTotal,ROW,ROW,ROW
124,Canada,ODCs,Manual,High-income,UN WESP,Developed economies,OK,Yes,Other,WorldTotal,ROW,ROW,ROW
129,"Caribbean, nes",ODCs,Manual,Others,WB WITS,"Other regions, nes",Manual,No,Other,WorldTotal,ROW,ROW,ROW
136,Cayman Isds,ODCs,Manual,High-income,World Bank list of economies (March 2017),Developing economies,Small island developing States,No,Other,WorldTotal,ROW,ROW,ROW
140,Central African Rep.,LDC,UN WESP,Low-income,UN WESP,Developing economies,OK,Yes,NFIDC,WorldTotal,ROW,ROW,ROW
148,Chad,LDC,UN WESP,Low-income,UN WESP,Developing economies,OK,Yes,NFIDC,WorldTotal,ROW,ROW,ROW
152,Chile,ODCs,Manual,High-income,UN WESP,Developing economies,OK,Yes,Other,WorldTotal,ROW,ROW,ROW
156,China,ODCs,Manual,Upper middle income,UN WESP,Developing economies,OK,Yes,Other,WorldTotal,ROW,ROW,ROW
344,"China, Hong Kong SAR",ODCs,Manual,High-income,UN WESP,Developing economies,OK,Yes,Other,WorldTotal,ROW,ROW,ROW
446,"China, Macao SAR",ODCs,Manual,Upper middle income,World Bank list of economies (March 2017),Developing economies,OK,Yes,Other,WorldTotal,ROW,ROW,ROW
162,Christmas Isds,ODCs,Manual,Others,WB WITS,Developing economies,Manual,No,Other,WorldTotal,ROW,ROW,ROW
166,Cocos Isds,ODCs,Manual,Others,WB WITS,Developing economies,Manual,No,Other,WorldTotal,ROW,ROW,ROW
170,Colombia,ODCs,Manual,Upper middle income,UN WESP,Developing economies,OK,Yes,Other,WorldTotal,ROW,ROW,ROW
174,Comoros,LDC,UN WESP,Low-income,UN WESP,Developing economies,OK,No,NFIDC,WorldTotal,ROW,ROW,ROW
178,Congo,ODCs,Manual,Lower middle income,UN WESP,Developing economies,OK,Yes,Other,WorldTotal,ROW,ROW,ROW
184,Cook Isds,ODCs,Manual,Others,WB WITS,Developing economies,Small island developing States,No,Other,WorldTotal,ROW,ROW,ROW
188,Costa Rica,ODCs,Manual,Upper middle income,UN WESP,Developing economies,OK,Yes,Other,WorldTotal,ROW,ROW,ROW
384,Côte d'Ivoire,ODCs,Manual,Lower middle income,UN WESP,Developing economies,OK,Yes,NFIDC,WorldTotal,ROW,ROW,ROW
191,Croatia,ODCs,Manual,High-income,UN WESP,Developed economies,OK,Yes,Other,WorldTotal,ROW,ROW,EU
192,Cuba,ODCs,Manual,Upper middle income,UN WESP,Developing economies,OK,Yes,NFIDC,WorldTotal,ROW,ROW,ROW
531,Curaçao,ODCs,Manual,High-income,World Bank list of economies (March 2017),Developing economies,Small island developing States,No,Other,WorldTotal,ROW,ROW,ROW
196,Cyprus,ODCs,Manual,High-income,UN WESP,Developed economies,OK,Yes,Other,WorldTotal,ROW,ROW,EU
203,Czechia,ODCs,Manual,High-income,UN WESP,Developed economies,OK,Yes,Other,WorldTotal,ROW,ROW,EU
408,Dem. People's Rep. of Korea,ODCs,Manual,Low-income,WB WITS,Developing economies,Manual,No,Other,WorldTotal,ROW,ROW,ROW
180,Dem. Rep. of the Congo,LDC,UN WESP,Low-income,UN WESP,Developing economies,OK,Yes,NFIDC,WorldTotal,ROW,ROW,ROW
208,Denmark,ODCs,Manual,High-income,UN WESP,Developed economies,OK,Yes,Other,WorldTotal,ROW,ROW,EU
262,Djibouti,LDC,UN WESP,Lower middle income,UN WESP,Developing economies,OK,Yes,NFIDC,WorldTotal,ROW,ROW,ROW
212,Dominica,ODCs,Manual,Upper middle income,World Bank list of economies (March 2017),Developing economies,Manual,Yes,NFIDC,WorldTotal,ROW,ROW,ROW
214,Dominican Rep.,ODCs,Manual,Upper middle income,UN WESP,Developing economies,OK,Yes,NFIDC,WorldTotal,ROW,ROW,ROW
221,"Eastern Europe, nes",ODCs,Manual,Upper middle income,WB WITS,Economies in transition,Manual,No,Other,WorldTotal,ROW,ROW,ROW
218,Ecuador,ODCs,Manual,Upper middle income,UN WESP,Developing economies,OK,Yes,Other,WorldTotal,ROW,ROW,ROW
818,Egypt,ODCs,Manual,Lower middle income,UN WESP,Developing economies,OK,Yes,NFIDC,WorldTotal,ROW,ROW,ROW
222,El Salvador,ODCs,Manual,Lower middle income,UN WESP,Developing economies,OK,Yes,NFIDC,WorldTotal,ROW,ROW,ROW
226,Equatorial Guinea,LDC,UN WESP,Upper middle income,UN WESP,Developing economies,OK,No,NFIDC,WorldTotal,ROW,ROW,ROW
232,Eritrea,LDC,UN WESP,Low-income,UN WESP,Developing economies,OK,No,NFIDC,WorldTotal,ROW,ROW,ROW
233,Estonia,ODCs,Manual,High-income,UN WESP,Developed economies,OK,Yes,Other,WorldTotal,ROW,ROW,EU
231,Ethiopia,LDC,UN WESP,Low-income,UN WESP,Developing economies,OK,No,NFIDC,WorldTotal,ROW,ROW,ROW
697,"Europe EFTA, nes",ODCs,Manual,High-income,WB WITS,Developed economies,Manual,No,Other,WorldTotal,ROW,ROW,ROW
492,"Europe EU, nes",ODCs,Manual,High-income,WB WITS,Developed economies,Manual,No,Other,WorldTotal,ROW,ROW,ROW
234,Faeroe Isds,ODCs,Manual,High-income,WB WITS,Developed economies,Manual,No,Other,WorldTotal,ROW,ROW,EU
238,Falkland Isds (Malvinas),ODCs,Manual,Others,WB WITS,Developing economies,Manual,No,Other,WorldTotal,ROW,ROW,ROW
242,Fiji,ODCs,Manual,Upper middle income,UN WESP,Developing economies,OK,Yes,Other,WorldTotal,ROW,ROW,ROW
246,Finland,ODCs,Manual,High-income,UN WESP,Developed economies,OK,Yes,Other,WorldTotal,ROW,ROW,EU
736,Fmr Sudan,ODCs,Manual,Lower middle income,World Bank list of economies (March 2017),Developing economies,OK,No,Other,WorldTotal,ROW,ROW,ROW
260,Fr. South Antarctic Terr.,ODCs,Manual,Others,WB WITS,Developed economies,Manual,No,Other,WorldTotal,ROW,ROW,ROW
251,France,ODCs,Manual,High-income,UN WESP,Developed economies,OK,Yes,Other,WorldTotal,ROW,ROW,EU
838,Free Zones,ODCs,Manual,Others,WB WITS,Developed economies,Manual,No,Other,WorldTotal,ROW,ROW,ROW
254,French Guiana,ODCs,Manual,High-income,WB WITS,Developed economies,Manual,No,Other,WorldTotal,ROW,ROW,ROW
258,French Polynesia,ODCs,Manual,High-income,World Bank list of economies (March 2017),Developing economies,Small island developing States,No,Other,WorldTotal,ROW,ROW,ROW
583,FS Micronesia,ODCs,Manual,High-income,WB WITS,Developing economies,Manual,No,Other,WorldTotal,ROW,ROW,ROW
266,Gabon,ODCs,Manual,Upper middle income,UN WESP,Developing economies,OK,Yes,NFIDC,WorldTotal,ROW,ROW,ROW
270,Gambia,LDC,UN WESP,Low-income,UN WESP,Developing economies,OK,Yes,NFIDC,WorldTotal,ROW,ROW,ROW
268,Georgia,ODCs,Manual,Upper middle income,UN WESP,Economies in transition,OK,Yes,Other,WorldTotal,FSR,other FSR,FSR
276,Germany,ODCs,Manual,High-income,UN WESP,Developed economies,OK,Yes,Other,WorldTotal,ROW,ROW,EU
288,Ghana,ODCs,Manual,Lower middle income,UN WESP,Developing economies,OK,Yes,Other,WorldTotal,ROW,ROW,ROW
292,Gibraltar,ODCs,Manual,High-income,World Bank list of economies (March 2017),Developed economies,Manual,No,Other,WorldTotal,ROW,ROW,ROW
300,Greece,ODCs,Manual,High-income,UN WESP,Developed economies,OK,Yes,Other,WorldTotal,ROW,ROW,EU
304,Greenland,ODCs,Manual,High-income,World Bank list of economies (March 2017),Developed economies,Manual,No,Other,WorldTotal,ROW,ROW,ROW
308,Grenada,ODCs,Manual,Upper middle income,World Bank list of economies (March 2017),Developing economies,Small island developing States,Yes,NFIDC,WorldTotal,ROW,ROW,ROW
312,Guadeloupe,ODCs,Manual,Others,WB WITS,Developing economies,Small island developing States,No,Other,WorldTotal,ROW,ROW,ROW
316,Guam,ODCs,Manual,High-income,World Bank list of economies (March 2017),Developing economies,Small island developing States,No,Other,WorldTotal,ROW,ROW,ROW
320,Guatemala,ODCs,Manual,Lower middle income,UN WESP,Developing economies,OK,Yes,Other,WorldTotal,ROW,ROW,ROW
324,Guinea,LDC,UN WESP,Low-income,UN WESP,Developing economies,OK,Yes,NFIDC,WorldTotal,ROW,ROW,ROW
624,Guinea-Bissau,LDC,UN WESP,Low-income,UN WESP,Developing economies,OK,Yes,NFIDC,WorldTotal,ROW,ROW,ROW
328,Guyana,ODCs,Manual,Upper middle income,UN WESP,Developing economies,OK,Yes,Other,WorldTotal,ROW,ROW,ROW
332,Haiti,LDC,UN WESP,Low-income,UN WESP,Developing economies,OK,Yes,NFIDC,WorldTotal,ROW,ROW,ROW
334,Heard Island and McDonald Islands,ODCs,Manual,Others,WB WITS,Developing economies,Manual,No,Other,WorldTotal,ROW,ROW,ROW
336,Holy See (Vatican City State),ODCs,Manual,High-income,World Bank list of economies (March 2017),Developed economies,Manual,No,Other,WorldTotal,ROW,ROW,EU
340,Honduras,ODCs,Manual,Lower middle income,UN WESP,Developing economies,OK,Yes,NFIDC,WorldTotal,ROW,ROW,ROW
348,Hungary,ODCs,Manual,High-income,UN WESP,Developed economies,OK,Yes,Other,WorldTotal,ROW,ROW,EU
352,Iceland,ODCs,Manual,High-income,UN WESP,Developed economies,OK,Yes,Other,WorldTotal,ROW,ROW,EU
699,India,ODCs,Manual,Lower middle income,UN WESP,Developing economies,OK,Yes,Other,WorldTotal,ROW,ROW,ROW
360,Indonesia,ODCs,Manual,Lower middle income,UN WESP,Developing economies,OK,Yes,Other,WorldTotal,ROW,ROW,ROW
364,Iran,ODCs,Manual,Upper middle income,UN WESP,Developing economies,OK,No,Other,WorldTotal,ROW,ROW,ROW
368,Iraq,ODCs,Manual,Upper middle income,UN WESP,Developing economies,OK,No,Other,WorldTotal,ROW,ROW,ROW
372,Ireland,ODCs,Manual,High-income,UN WESP,Developed economies,OK,Yes,Other,WorldTotal,ROW,ROW,EU
376,Israel,ODCs,Manual,High-income,UN WESP,Developing economies,OK,Yes,Other,WorldTotal,ROW,ROW,ROW
381,Italy,ODCs,Manual,High-income,UN WESP,Developed economies,OK,Yes,Other,WorldTotal,ROW,ROW,EU
388,Jamaica,ODCs,Manual,Upper middle income,UN WESP,Developing economies,OK,Yes,NFIDC,WorldTotal,ROW,ROW,ROW
392,Japan,ODCs,Manual,High-income,UN WESP,Developed economies,OK,Yes,Other,WorldTotal,ROW,ROW,ROW
400,Jordan,ODCs,Manual,Upper middle income,UN WESP,Developing economies,OK,Yes,NFIDC,WorldTotal,ROW,ROW,ROW
398,Kazakhstan,ODCs,Manual,Upper middle income,UN WESP,Economies in transition,OK,No,Other,WorldTotal,FSR,EEU,FSR
404,Kenya,ODCs,Manual,Lower middle income,UN WESP,Developing economies,OK,Yes,NFIDC,WorldTotal,ROW,ROW,ROW
296,Kiribati,LDC,UN WESP,Lower middle income,UN WESP,Developing economies,OK,No,NFIDC,WorldTotal,ROW,ROW,ROW
414,Kuwait,ODCs,Manual,High-income,UN WESP,Developing economies,OK,Yes,Other,WorldTotal,ROW,ROW,ROW
417,Kyrgyzstan,ODCs,Manual,Lower middle income,UN WESP,Economies in transition,OK,Yes,Other,WorldTotal,FSR,EEU,FSR
473,"LAIA, nes",ODCs,Manual,Others,WB WITS,"Other regions, nes",Manual,No,Other,WorldTotal,ROW,ROW,ROW
418,Lao People's Dem. Rep.,LDC,UN WESP,Lower middle income,UN WESP,Developing economies,OK,No,NFIDC,WorldTotal,ROW,ROW,ROW
428,Latvia,ODCs,Manual,High-income,UN WESP,Developed economies,OK,Yes,Other,WorldTotal,ROW,ROW,EU
422,Lebanon,ODCs,Manual,Upper middle income,UN WESP,Developing economies,OK,No,Other,WorldTotal,ROW,ROW,ROW
426,Lesotho,LDC,UN WESP,Lower middle income,UN WESP,Developing economies,OK,Yes,NFIDC,WorldTotal,ROW,ROW,ROW
430,Liberia,LDC,UN WESP,Low-income,UN WESP,Developing economies,OK,No,NFIDC,WorldTotal,ROW,ROW,ROW
434,Libya,ODCs,Manual,Upper middle income,UN WESP,Developing economies,OK,No,Other,WorldTotal,ROW,ROW,ROW
440,Lithuania,ODCs,Manual,High-income,UN WESP,Developed economies,OK,Yes,Other,WorldTotal,ROW,ROW,EU
442,Luxembourg,ODCs,Manual,High-income,UN WESP,Developed economies,OK,Yes,Other,WorldTotal,ROW,ROW,EU
450,Madagascar,LDC,UN WESP,Low-income,UN WESP,Developing economies,OK,Yes,NFIDC,WorldTotal,ROW,ROW,ROW
454,Malawi,LDC,UN WESP,Low-income,UN WESP,Developing economies,OK,Yes,NFIDC,WorldTotal,ROW,ROW,ROW
458,Malaysia,ODCs,Manual,Upper middle income,UN WESP,Developing economies,OK,Yes,Other,WorldTotal,ROW,ROW,ROW
462,Maldives,ODCs,Manual,Upper middle income,UN WESP,Developing economies,OK,Yes,NFIDC,WorldTotal,ROW,ROW,ROW
466,Mali,LDC,UN WESP,Low-income,UN WESP,Developing economies,OK,Yes,NFIDC,WorldTotal,ROW,ROW,ROW
470,Malta,ODCs,Manual,High-income,UN WESP,Developed economies,OK,Yes,Other,WorldTotal,ROW,ROW,EU
584,Marshall Isds,ODCs,Manual,Upper middle income,World Bank list of economies (March 2017),Developing economies,Small island developing States,No,Other,WorldTotal,ROW,ROW,ROW
474,Martinique,ODCs,Manual,Others,WB WITS,Developing economies,Small island developing States,No,Other,WorldTotal,ROW,ROW,ROW
478,Mauritania,LDC,UN WESP,Lower middle income,UN WESP,Developing economies,OK,Yes,NFIDC,WorldTotal,ROW,ROW,ROW
480,Mauritius,ODCs,Manual,Upper middle income,UN WESP,Developing economies,OK,Yes,NFIDC,WorldTotal,ROW,ROW,ROW
175,Mayotte,ODCs,Manual,Others,WB WITS,Developing economies,Manual,No,Other,WorldTotal,ROW,ROW,ROW
484,Mexico,ODCs,Manual,Upper middle income,UN WESP,Developing economies,OK,Yes,Other,WorldTotal,ROW,ROW,ROW
496,Mongolia,ODCs,Manual,Lower middle income,UN WESP,Developing economies,OK,Yes,NFIDC,WorldTotal,ROW,ROW,ROW
499,Montenegro,ODCs,Manual,Upper middle income,UN WESP,Economies in transition,OK,No,Other,WorldTotal,ROW,ROW,ROW
500,Montserrat,ODCs,Manual,Others,WB WITS,Developing economies,Small island developing States,No,Other,WorldTotal,ROW,ROW,ROW
504,Morocco,ODCs,Manual,Lower middle income,UN WESP,Developing economies,OK,Yes,NFIDC,WorldTotal,ROW,ROW,ROW
508,Mozambique,LDC,UN WESP,Low-income,UN WESP,Developing economies,OK,Yes,NFIDC,WorldTotal,ROW,ROW,ROW
104,Myanmar,LDC,UN WESP,Lower middle income,UN WESP,Developing economies,OK,Yes,NFIDC,WorldTotal,ROW,ROW,ROW
580,N. Mariana Isds,ODCs,Manual,High-income,WB WITS,Developing economies,Manual,No,Other,WorldTotal,ROW,ROW,ROW
516,Namibia,ODCs,Manual,Upper middle income,UN WESP,Developing economies,OK,Yes,NFIDC,WorldTotal,ROW,ROW,ROW
520,Nauru,ODCs,Manual,High-income,World Bank list of economies (March 2017),Developing economies,Small island developing States,No,Other,WorldTotal,ROW,ROW,ROW
524,Nepal,LDC,UN WESP,Low-income,UN WESP,Developing economies,OK,Yes,NFIDC,WorldTotal,ROW,ROW,ROW
530,Neth. Antilles,ODCs,Manual,High-income,World Bank list of economies (March 2017),Developed economies,Manual,Yes,Other,WorldTotal,ROW,ROW,ROW
528,Netherlands,ODCs,Manual,High-income,UN WESP,Developed economies,OK,Yes,Other,WorldTotal,ROW,ROW,EU
536,Neutral Zone,ODCs,Manual,High-income,World Bank list of economies (March 2017),Developing economies,Manual,No,Other,WorldTotal,ROW,ROW,ROW
540,New Caledonia,ODCs,Manual,High-income,World Bank list of economies (March 2017),Developing economies,Small island developing States,No,Other,WorldTotal,ROW,ROW,ROW
554,New Zealand,ODCs,Manual,High-income,UN WESP,Developed economies,OK,Yes,Other,WorldTotal,ROW,ROW,ROW
558,Nicaragua,ODCs,Manual,Lower middle income,UN WESP,Developing economies,OK,Yes,Other,WorldTotal,ROW,ROW,ROW
562,Niger,LDC,UN WESP,Low-income,UN WESP,Developing economies,OK,Yes,NFIDC,WorldTotal,ROW,ROW,ROW
566,Nigeria,ODCs,Manual,Lower middle income,UN WESP,Developing economies,OK,Yes,Other,WorldTotal,ROW,ROW,ROW
570,Niue,ODCs,Manual,Others,WB WITS,Developing economies,Small island developing States,No,Other,WorldTotal,ROW,ROW,ROW
574,Norfolk Isds,ODCs,Manual,High-income,World Bank list of economies (March 2017),Developed economies,Manual,No,Other,WorldTotal,ROW,ROW,EU
637,"North America and Central America, nes",ODCs,Manual,Others,WB WITS,"Other regions, nes",Manual,No,Other,WorldTotal,ROW,ROW,ROW
579,Norway,ODCs,Manual,High-income,UN WESP,Developed economies,OK,Yes,Other,WorldTotal,ROW,ROW,ROW
527,"Oceania, nes",ODCs,Manual,Others,WB WITS,"Other regions, nes",Manual,No,Other,WorldTotal,ROW,ROW,ROW
512,Oman,ODCs,Manual,High-income,UN WESP,Developing economies,OK,Yes,Other,WorldTotal,ROW,ROW,ROW
577,"Other Africa, nes",ODCs,Manual,Others,WB WITS,"Other regions, nes",Manual,No,Other,WorldTotal,ROW,ROW,ROW
490,"Other Asia, nes",ODCs,Manual,Others,WB WITS,"Other regions, nes",Manual,No,Other,WorldTotal,ROW,ROW,ROW
568,"Other Europe, nes",ODCs,Manual,Others,WB WITS,"Other regions, nes",Manual,No,Other,WorldTotal,ROW,ROW,ROW
586,Pakistan,ODCs,Manual,Lower middle income,UN WESP,Developing economies,OK,Yes,NFIDC,WorldTotal,ROW,ROW,ROW
585,Palau,ODCs,Manual,Upper middle income,World Bank list of economies (March 2017),Developing economies,Small island developing States,No,Other,WorldTotal,ROW,ROW,ROW
591,Panama,ODCs,Manual,Upper middle income,UN WESP,Developing economies,OK,Yes,Other,WorldTotal,ROW,ROW,ROW
598,Papua New Guinea,ODCs,Manual,Lower middle income,UN WESP,Developing economies,OK,Yes,Other,WorldTotal,ROW,ROW,ROW
600,Paraguay,ODCs,Manual,Upper middle income,UN WESP,Developing economies,OK,Yes,Other,WorldTotal,ROW,ROW,ROW
604,Peru,ODCs,Manual,Upper middle income,UN WESP,Developing economies,OK,Yes,NFIDC,WorldTotal,ROW,ROW,ROW
608,Philippines,ODCs,Manual,Lower middle income,UN WESP,Developing economies,OK,Yes,Other,WorldTotal,ROW,ROW,ROW
612,Pitcairn,ODCs,Manual,Others,WB WITS,Developing economies,Manual,No,Other,WorldTotal,ROW,ROW,ROW
616,Poland,ODCs,Manual,High-income,UN WESP,Developed economies,OK,Yes,Other,WorldTotal,ROW,ROW,EU
620,Portugal,ODCs,Manual,High-income,UN WESP,Developed economies,OK,Yes,Other,WorldTotal,ROW,ROW,EU
634,Qatar,ODCs,Manual,High-income,UN WESP,Developing economies,OK,Yes,Other,WorldTotal,ROW,ROW,ROW
410,Rep. of Korea,ODCs,Manual,High-income,UN WESP,Developing economies,OK,Yes,Other,WorldTotal,ROW,ROW,ROW
498,Rep. of Moldova,ODCs,Manual,Lower middle income,UN WESP,Economies in transition,OK,Yes,Other,WorldTotal,FSR,other FSR,FSR
636,"Rest of America, nes",ODCs,Manual,Others,WB WITS,"Other regions, nes",Manual,No,Other,WorldTotal,ROW,ROW,ROW
638,Réunion,ODCs,Manual,High-income,WB WITS,Developed economies,OK,No,Other,WorldTotal,ROW,ROW,EU
642,Romania,ODCs,Manual,Upper middle income,UN WESP,Developed economies,OK,Yes,Other,WorldTotal,ROW,ROW,EU
652,ROW,ODCs,Manual,Others,WB WITS,"Other regions, nes",Manual,No,Other,WorldTotal,ROW,ROW,ROW
643,Russian Federation,ODCs,Manual,Upper middle income,UN WESP,Economies in transition,OK,No,Other,WorldTotal,FSR,EEU,FSR
646,Rwanda,LDC,UN WESP,Low-income,UN WESP,Developing economies,OK,Yes,NFIDC,WorldTotal,ROW,ROW,ROW
654,Saint Helena,ODCs,Manual,Others,WB WITS,Developing economies,Manual,No,Other,WorldTotal,ROW,ROW,ROW
659,Saint Kitts and Nevis,ODCs,Manual,High-income,World Bank list of economies (March 2017),Developing economies,Small island developing States,Yes,NFIDC,WorldTotal,ROW,ROW,ROW
662,Saint Lucia,ODCs,Manual,Upper middle income,World Bank list of economies (March 2017),Developing economies,Small island developing States,Yes,NFIDC,WorldTotal,ROW,ROW,ROW
534,Saint Maarten,ODCs,Manual,Upper middle income,World Bank list of economies (March 2017),Developing economies,Manual,No,Other,WorldTotal,ROW,ROW,ROW
666,Saint Pierre and Miquelon,ODCs,Manual,Others,WB WITS,Developing economies,Manual,No,Other,WorldTotal,ROW,ROW,ROW
670,Saint Vincent and the Grenadines,ODCs,Manual,High-income,World Bank list of economies (March 2017),Developing economies,Manual,Yes,NFIDC,WorldTotal,ROW,ROW,ROW
882,Samoa,ODCs,Manual,Lower middle income,UN WESP,Developing economies,OK,No,Other,WorldTotal,ROW,ROW,ROW
674,San Marino,ODCs,Manual,High-income,UN WESP,Developed economies,Manual,No,Other,WorldTotal,ROW,ROW,EU
678,Sao Tome and Principe,LDC,UN WESP,Lower middle income,UN WESP,Developing economies,OK,No,NFIDC,WorldTotal,ROW,ROW,ROW
682,Saudi Arabia,ODCs,Manual,High-income,UN WESP,Developing economies,OK,Yes,Other,WorldTotal,ROW,ROW,ROW
686,Senegal,LDC,UN WESP,Low-income,UN WESP,Developing economies,OK,Yes,NFIDC,WorldTotal,ROW,ROW,ROW
688,Serbia,ODCs,Manual,Upper middle income,UN WESP,Economies in transition,OK,NO,Other,WorldTotal,ROW,ROW,ROW
891,Serbia and Montenegro,ODCs,Manual,Upper middle income,World Bank list of economies (March 2017),Economies in transition,OK,No,Other,WorldTotal,ROW,ROW,ROW
690,Seychelles,ODCs,Manual,High-income,WB WITS,Economies in transition,OK,No,Other,WorldTotal,ROW,ROW,ROW
694,Sierra Leone,LDC,UN WESP,Low-income,UN WESP,Developing economies,OK,Yes,NFIDC,WorldTotal,ROW,ROW,ROW
702,Singapore,ODCs,Manual,High-income,UN WESP,Developing economies,OK,Yes,Other,WorldTotal,ROW,ROW,ROW
703,Slovakia,ODCs,Manual,High-income,UN WESP,Developed economies,OK,Yes,Other,WorldTotal,ROW,ROW,EU
705,Slovenia,ODCs,Manual,High-income,UN WESP,Developed economies,OK,Yes,Other,WorldTotal,ROW,ROW,EU
711,So. African Customs Union,ODCs,Manual,Others,WB WITS,"Other regions, nes",Manual,No,Other,WorldTotal,ROW,ROW,ROW
90,Solomon Isds,LDC,UN WESP,Lower middle income,UN WESP,Developing economies,OK,Yes,NFIDC,WorldTotal,ROW,ROW,ROW
706,Somalia,LDC,UN WESP,Low-income,UN WESP,Developing economies,OK,No,NFIDC,WorldTotal,ROW,ROW,ROW
710,South Africa,ODCs,Manual,Upper middle income,UN WESP,Developing economies,OK,Yes,Other,WorldTotal,ROW,ROW,ROW
239,South Georgia and the South Sandwich Islands,ODCs,Manual,Others,WB WITS,Developed economies,Manual,No,Other,WorldTotal,ROW,ROW,ROW
728,South Sudan,LDC,UN WESP,Low-income,World Bank list of economies (March 2017),Developing economies,OK,No,NFIDC,WorldTotal,ROW,ROW,ROW
724,Spain,ODCs,Manual,High-income,UN WESP,Developed economies,OK,Yes,Other,WorldTotal,ROW,ROW,EU
839,Special Categories,ODCs,Manual,Others,WB WITS,"Other regions, nes",Manual,No,Other,WorldTotal,ROW,ROW,ROW
144,Sri Lanka,ODCs,Manual,Lower middle income,UN WESP,Developing economies,OK,Yes,NFIDC,WorldTotal,ROW,ROW,ROW
275,State of Palestine,ODCs,Manual,Low-income,WB WITS,Developing economies,Manual,No,Other,WorldTotal,ROW,ROW,ROW
729,Sudan,LDC,UN WESP,Lower middle income,UN WESP,Developing economies,OK,No,NFIDC,WorldTotal,ROW,ROW,ROW
740,Suriname,ODCs,Manual,Upper middle income,UN WESP,Developing economies,OK,Yes,Other,WorldTotal,ROW,ROW,ROW
748,Swaziland,ODCs,Manual,Lower middle income,UN WESP,Developing economies,OK,Yes,NFIDC,WorldTotal,ROW,ROW,ROW
752,Sweden,ODCs,Manual,High-income,UN WESP,Developed economies,OK,Yes,Other,WorldTotal,ROW,ROW,EU
757,Switzerland,ODCs,Manual,High-income,UN WESP,Developed economies,OK,Yes,Other,WorldTotal,ROW,ROW,ROW
760,Syria,ODCs,Manual,Lower middle income,UN WESP,Developing economies,OK,No,Other,WorldTotal,ROW,ROW,ROW
762,Tajikistan,ODCs,Manual,Lower middle income,UN WESP,Economies in transition,OK,No,Other,WorldTotal,FSR,other FSR,FSR
807,TFYR of Macedonia,ODCs,Manual,Upper middle income,UN WESP,Economies in transition,OK,Yes,Other,WorldTotal,ROW,ROW,ROW
764,Thailand,ODCs,Manual,Upper middle income,UN WESP,Developing economies,OK,Yes,Other,WorldTotal,ROW,ROW,ROW
626,Timor-Leste,LDC,UN WESP,Lower middle income,UN WESP,Developing economies,OK,No,NFIDC,WorldTotal,ROW,ROW,ROW
768,Togo,LDC,UN WESP,Low-income,UN WESP,Developing economies,OK,Yes,NFIDC,WorldTotal,ROW,ROW,ROW
772,Tokelau,ODCs,Manual,Others,WB WITS,Developing economies,Manual,No,Other,WorldTotal,ROW,ROW,ROW
776,Tonga,ODCs,Manual,Lower middle income,World Bank list of economies (March 2017),Developing economies,Small island developing States,Yes,Other,WorldTotal,ROW,ROW,ROW
780,Trinidad and Tobago,ODCs,Manual,High-income,UN WESP,Developing economies,OK,Yes,NFIDC,WorldTotal,ROW,ROW,ROW
788,Tunisia,ODCs,Manual,Lower middle income,UN WESP,Developing economies,OK,Yes,NFIDC,WorldTotal,ROW,ROW,ROW
792,Turkey,ODCs,Manual,Upper middle income,UN WESP,Developing economies,OK,Yes,Other,WorldTotal,ROW,ROW,ROW
795,Turkmenistan,ODCs,Manual,Upper middle income,UN WESP,Economies in transition,OK,No,Other,WorldTotal,FSR,other FSR,FSR
796,Turks and Caicos Isds,ODCs,Manual,High-income,World Bank list of economies (March 2017),Developing economies,Small island developing States,No,Other,WorldTotal,ROW,ROW,ROW
798,Tuvalu,LDC,UN WESP,Upper middle income,World Bank list of economies (March 2017),Developing economies,Small island developing States,No,NFIDC,WorldTotal,ROW,ROW,ROW
800,Uganda,LDC,UN WESP,Low-income,UN WESP,Developing economies,OK,Yes,NFIDC,WorldTotal,ROW,ROW,ROW
804,Ukraine,ODCs,Manual,Lower middle income,UN WESP,Economies in transition,OK,Yes,Other,WorldTotal,FSR,other FSR,FSR
784,United Arab Emirates,ODCs,Manual,High-income,UN WESP,Developing economies,OK,Yes,Other,WorldTotal,ROW,ROW,ROW
826,United Kingdom,ODCs,Manual,High-income,UN WESP,Developed economies,OK,Yes,Other,WorldTotal,ROW,ROW,EU
834,United Rep. of Tanzania,LDC,UN WESP,Low-income,UN WESP,Developing economies,OK,Yes,NFIDC,WorldTotal,ROW,ROW,ROW
581,United States Minor Outlying Islands,ODCs,Manual,High-income,World Bank list of economies (March 2017),Developing economies,Small island developing States,No,Other,WorldTotal,ROW,ROW,ROW
858,Uruguay,ODCs,Manual,High-income,UN WESP,Developing economies,OK,Yes,Other,WorldTotal,ROW,ROW,ROW
849,US Misc. Pacific Isds,ODCs,Manual,High-income,World Bank list of economies (March 2017),Developing economies,Small island developing States,No,Other,WorldTotal,ROW,ROW,ROW
842,USA,ODCs,Manual,High-income,UN WESP,Developed economies,OK,Yes,Other,WorldTotal,ROW,ROW,ROW
860,Uzbekistan,ODCs,Manual,Lower middle income,UN WESP,Economies in transition,OK,No,Other,WorldTotal,FSR,other FSR,FSR
548,Vanuatu,LDC,UN WESP,Lower middle income,UN WESP,Developing economies,OK,No,NFIDC,WorldTotal,ROW,ROW,ROW
862,Venezuela,ODCs,Manual,Upper middle income,UN WESP,Developing economies,OK,Yes,NFIDC,WorldTotal,ROW,ROW,ROW
704,Viet Nam,ODCs,Manual,Lower middle income,UN WESP,Developing economies,OK,Yes,Other,WorldTotal,ROW,ROW,ROW
876,Wallis and Futuna Isds,ODCs,Manual,Others,WB WITS,Developing economies,Manual,No,Other,WorldTotal,ROW,ROW,ROW
879,"Western Asia, nes",ODCs,Manual,Others,WB WITS,"Other regions, nes",Manual,No,Other,WorldTotal,ROW,ROW,ROW
732,Western Sahara,ODCs,Manual,Others,WB WITS,Developing economies,Manual,No,Other,WorldTotal,ROW,ROW,ROW
0,World,0,Manual,0,WB WITS,0,Manual,World,0,0,World,World,World
887,Yemen,LDC,UN WESP,Lower middle income,UN WESP,Developing economies,OK,No,NFIDC,WorldTotal,ROW,ROW,ROW
894,Zambia,LDC,UN WESP,Lower middle income,UN WESP,Developing economies,OK,Yes,NFIDC,WorldTotal,ROW,ROW,ROW
716,Zimbabwe,ODCs,Manual,Low-income,UN WESP,Developing economies,OK,Yes,Other,WorldTotal,ROW,ROW,ROW
290,"Northern Africa, nes",ODCs,Manual,Others,WB WITS,"Other regions, nes",Manual,No,Other,WorldTotal,ROW,ROW,ROW
