Code,Partner,LDC and other,LDC and other Source,Income group,Income group Source,Development region,Development region Source,WTO Member,NetFoodImporting,World,SVE_SmallVulnarableEconomies,RAM_RecentMembers,G33_friends,LowIncomeFoodDefC,NewGroupOF92,OldGroupOF103
2,Afghanistan,LDC,UN WESP,Low-income,UN WESP,Developing economies,OK,No,NFIDC,WorldTotal,nonSVE,nonRAMnonWTO,nonG33nonWTO,LIFDC,newGroup,oldGroup
3,Albania,ODCs,Manual,Upper middle income,UN WESP,Economies in transition,OK,Yes,Other,WorldTotal,nonSVE,RAM,nonG33,nonLIFDC,newGroupOther,oldGroup
4,Algeria,ODCs,Manual,Upper middle income,UN WESP,Developing economies,OK,No,Other,WorldTotal,nonSVE,nonRAMnonWTO,nonG33nonWTO,nonLIFDC,newGroupOther,oldGroupOther
5,American Samoa,ODCs,Manual,Upper middle income,World Bank list of economies (March 2017),Developing economies,Small island developing States,No,Other,WorldTotal,nonSVE,nonRAMnonWTO,nonG33nonWTO,nonLIFDC,newGroupOther,oldGroupOther
6,Andorra,ODCs,Manual,Others,World Bank list of economies (March 2017),Developed economies,Manual,No,Other,WorldTotal,nonSVE,nonRAMnonWTO,nonG33nonWTO,nonLIFDC,newGroupOther,oldGroupOther
7,Angola,LDC,UN WESP,Upper middle income,UN WESP,Developing economies,OK,Yes,NFIDC,WorldTotal,nonSVE,nonRAM,nonG33,nonLIFDC,newGroup,oldGroup
258,Anguilla,ODCs,Manual,Others,WB WITS,Developing economies,Small island developing States,No,Other,WorldTotal,nonSVE,nonRAMnonWTO,nonG33nonWTO,nonLIFDC,newGroupOther,oldGroupOther
30,Antarctica,ODCs,Manual,Others,WB WITS,"Other regions, nes",Manual,No,Other,WorldTotal,nonSVE,nonRAMnonWTO,nonG33nonWTO,nonLIFDC,newGroupOther,oldGroupOther
8,Antigua and Barbuda,ODCs,Manual,High-income,World Bank list of economies (March 2017),Developing economies,Small island developing States,Yes,NFIDC,WorldTotal,nonSVE,nonRAM,G33,nonLIFDC,newGroup,oldGroupOther
9,Argentina,ODCs,Manual,Upper middle income,UN WESP,Developing economies,OK,Yes,Other,WorldTotal,nonSVE,nonRAM,nonG33,nonLIFDC,newGroupOther,oldGroupOther
1,Armenia,ODCs,Manual,Lower middle income,UN WESP,Economies in transition,OK,Yes,Other,WorldTotal,nonSVE,RAM,nonG33,nonLIFDC,newGroupOther,oldGroup
22,Aruba,ODCs,Manual,High-income,World Bank list of economies (March 2017),Developing economies,Small island developing States,No,Other,WorldTotal,nonSVE,nonRAMnonWTO,nonG33nonWTO,nonLIFDC,newGroupOther,oldGroupOther
10,Australia,ODCs,Manual,High-income,UN WESP,Developed economies,OK,Yes,Other,WorldTotal,nonSVE,nonRAM,nonG33,nonLIFDC,newGroupOther,oldGroupOther
11,Austria,ODCs,Manual,High-income,UN WESP,Developed economies,OK,Yes,Other,WorldTotal,nonSVE,nonRAM,nonG33,nonLIFDC,newGroupOther,oldGroupOther
52,Azerbaijan,ODCs,Manual,Upper middle income,UN WESP,Economies in transition,OK,No,Other,WorldTotal,nonSVE,nonRAMnonWTO,nonG33nonWTO,nonLIFDC,newGroupOther,oldGroup
12,Bahamas,ODCs,Manual,High-income,UN WESP,Developing economies,OK,No,Other,WorldTotal,nonSVE,nonRAMnonWTO,nonG33nonWTO,nonLIFDC,newGroupOther,oldGroupOther
13,Bahrain,ODCs,Manual,High-income,UN WESP,Developing economies,OK,Yes,Other,WorldTotal,nonSVE,nonRAM,nonG33,nonLIFDC,newGroupOther,oldGroupOther
16,Bangladesh,LDC,UN WESP,Lower middle income,UN WESP,Developing economies,OK,Yes,NFIDC,WorldTotal,nonSVE,nonRAM,nonG33,LIFDC,newGroup,oldGroup
14,Barbados,ODCs,Manual,High-income,UN WESP,Developing economies,OK,Yes,NFIDC,WorldTotal,SVE,nonRAM,G33,nonLIFDC,newGroup,oldGroup
57,Belarus,ODCs,Manual,Upper middle income,UN WESP,Economies in transition,OK,No,Other,WorldTotal,nonSVE,nonRAMnonWTO,nonG33nonWTO,nonLIFDC,newGroupOther,oldGroup
255,Belgium,ODCs,Manual,High-income,UN WESP,Developed economies,OK,Yes,Other,WorldTotal,nonSVE,nonRAM,nonG33,nonLIFDC,newGroupOther,oldGroupOther
15,Belgium-Luxembourg,ODCs,Manual,High-income,UN WESP,Developed economies,OK,No,Other,WorldTotal,nonSVE,nonRAMnonWTO,nonG33nonWTO,nonLIFDC,newGroupOther,oldGroupOther
23,Belize,ODCs,Manual,Upper middle income,UN WESP,Developing economies,OK,Yes,Other,WorldTotal,nonSVE,nonRAM,G33,nonLIFDC,newGroupOther,oldGroupOther
53,Benin,LDC,UN WESP,Low-income,UN WESP,Developing economies,OK,Yes,NFIDC,WorldTotal,nonSVE,nonRAM,G33,LIFDC,newGroup,oldGroup
17,Bermuda,ODCs,Manual,High-income,World Bank list of economies (March 2017),Developing economies,Small island developing States,No,Other,WorldTotal,nonSVE,nonRAMnonWTO,nonG33nonWTO,nonLIFDC,newGroupOther,oldGroupOther
18,Bhutan,LDC,UN WESP,Lower middle income,UN WESP,Developing economies,OK,No,NFIDC,WorldTotal,nonSVE,nonRAMnonWTO,nonG33nonWTO,nonLIFDC,newGroup,oldGroup
19,Bolivia (Plurinational State of),ODCs,Manual,Lower middle income,UN WESP,Developing economies,OK,Yes,Other,WorldTotal,SVE,nonRAM,G33,nonLIFDC,newGroupOther,oldGroupOther
80,Bosnia and Herzegovina,ODCs,Manual,Upper middle income,UN WESP,Economies in transition,OK,No,Other,WorldTotal,nonSVE,nonRAMnonWTO,nonG33nonWTO,nonLIFDC,newGroupOther,oldGroup
20,Botswana,ODCs,Manual,Upper middle income,UN WESP,Developing economies,OK,Yes,NFIDC,WorldTotal,nonSVE,nonRAM,G33,nonLIFDC,newGroup,oldGroup
31,Bouvet Island,ODCs,Manual,Others,WB WITS,Developing economies,Manual,No,Other,WorldTotal,nonSVE,nonRAMnonWTO,nonG33nonWTO,nonLIFDC,newGroupOther,oldGroupOther
24,British Indian Ocean Territory,ODCs,Manual,Others,WB WITS,Developed economies,Manual,No,Other,WorldTotal,nonSVE,nonRAMnonWTO,nonG33nonWTO,nonLIFDC,newGroupOther,oldGroupOther
239,British Virgin Islands,ODCs,Manual,High-income,World Bank list of economies (March 2017),Developing economies,Small island developing States,No,Other,WorldTotal,nonSVE,nonRAMnonWTO,nonG33nonWTO,nonLIFDC,newGroupOther,oldGroupOther
21,Brazil,ODCs,Manual,Upper middle income,UN WESP,Developing economies,OK,Yes,Other,WorldTotal,nonSVE,nonRAM,nonG33,nonLIFDC,newGroupOther,oldGroupOther
26,Brunei Darussalam,ODCs,Manual,High-income,UN WESP,Developing economies,OK,Yes,Other,WorldTotal,nonSVE,nonRAM,nonG33,nonLIFDC,newGroupOther,oldGroupOther
27,Bulgaria,ODCs,Manual,Upper middle income,UN WESP,Developed economies,OK,Yes,Other,WorldTotal,nonSVE,RAM,nonG33,nonLIFDC,newGroupOther,oldGroupOther
233,Burkina Faso,LDC,UN WESP,Low-income,UN WESP,Developing economies,OK,Yes,NFIDC,WorldTotal,nonSVE,nonRAM,nonG33,LIFDC,newGroup,oldGroup
29,Burundi,LDC,UN WESP,Low-income,UN WESP,Developing economies,OK,Yes,NFIDC,WorldTotal,nonSVE,nonRAM,nonG33,LIFDC,newGroup,oldGroup
35,Cabo Verde,ODCs,Manual,Lower middle income,UN WESP,Developing economies,OK,Yes,Other,WorldTotal,nonSVE,nonRAM,nonG33,nonLIFDC,newGroupOther,oldGroup
115,Cambodia,LDC,UN WESP,Lower middle income,UN WESP,Developing economies,OK,Yes,NFIDC,WorldTotal,nonSVE,nonRAM,nonG33,nonLIFDC,newGroup,oldGroup
32,Cameroon,ODCs,Manual,Lower middle income,UN WESP,Developing economies,OK,Yes,Other,WorldTotal,nonSVE,nonRAM,nonG33,LIFDC,newGroup,oldGroup
33,Canada,ODCs,Manual,High-income,UN WESP,Developed economies,OK,Yes,Other,WorldTotal,nonSVE,nonRAM,nonG33,nonLIFDC,newGroupOther,oldGroupOther
36,Cayman Islands,ODCs,Manual,High-income,World Bank list of economies (March 2017),Developing economies,Small island developing States,No,Other,WorldTotal,nonSVE,nonRAMnonWTO,nonG33nonWTO,nonLIFDC,newGroupOther,oldGroupOther
37,Central African Republic,LDC,UN WESP,Low-income,UN WESP,Developing economies,OK,Yes,NFIDC,WorldTotal,nonSVE,nonRAM,nonG33,LIFDC,newGroup,oldGroup
39,Chad,LDC,UN WESP,Low-income,UN WESP,Developing economies,OK,Yes,NFIDC,WorldTotal,nonSVE,nonRAM,nonG33,LIFDC,newGroup,oldGroup
40,Chile,ODCs,Manual,High-income,UN WESP,Developing economies,OK,Yes,Other,WorldTotal,nonSVE,nonRAM,nonG33,nonLIFDC,newGroupOther,oldGroupOther
41,"China, mainland",ODCs,Manual,Upper middle income,UN WESP,Developing economies,OK,Yes,Other,WorldTotal,nonSVE,RAM,G33,nonLIFDC,newGroup,oldGroup
96,"China, Hong Kong SAR",ODCs,Manual,High-income,UN WESP,Developing economies,OK,Yes,Other,WorldTotal,nonSVE,RAM,nonG33,nonLIFDC,newGroupOther,oldGroupOther
128,"China, Macao SAR",ODCs,Manual,Upper middle income,World Bank list of economies (March 2017),Developing economies,OK,Yes,Other,WorldTotal,nonSVE,RAM,nonG33,nonLIFDC,newGroupOther,oldGroupOther
42,Christmas Island,ODCs,Manual,Others,WB WITS,Developing economies,Manual,No,Other,WorldTotal,nonSVE,nonRAMnonWTO,nonG33nonWTO,nonLIFDC,newGroupOther,oldGroupOther
43,Cocos (Keeling) Islands,ODCs,Manual,Others,WB WITS,Developing economies,Manual,No,Other,WorldTotal,nonSVE,nonRAMnonWTO,nonG33nonWTO,nonLIFDC,newGroupOther,oldGroupOther
44,Colombia,ODCs,Manual,Upper middle income,UN WESP,Developing economies,OK,Yes,Other,WorldTotal,nonSVE,nonRAM,nonG33,nonLIFDC,newGroupOther,oldGroupOther
45,Comoros,LDC,UN WESP,Low-income,UN WESP,Developing economies,OK,No,NFIDC,WorldTotal,nonSVE,nonRAMnonWTO,nonG33nonWTO,LIFDC,newGroup,oldGroup
46,Congo,ODCs,Manual,Lower middle income,UN WESP,Developing economies,OK,Yes,Other,WorldTotal,nonSVE,nonRAM,G33,nonLIFDC,newGroupOther,oldGroupOther
47,Cook Islands,ODCs,Manual,Others,WB WITS,Developing economies,Small island developing States,No,Other,WorldTotal,nonSVE,nonRAMnonWTO,nonG33nonWTO,nonLIFDC,newGroupOther,oldGroupOther
48,Costa Rica,ODCs,Manual,Upper middle income,UN WESP,Developing economies,OK,Yes,Other,WorldTotal,nonSVE,nonRAM,nonG33,nonLIFDC,newGroupOther,oldGroupOther
107,Côte d'Ivoire,ODCs,Manual,Lower middle income,UN WESP,Developing economies,OK,Yes,NFIDC,WorldTotal,nonSVE,nonRAM,G33,LIFDC,newGroup,oldGroup
98,Croatia,ODCs,Manual,High-income,UN WESP,Developed economies,OK,Yes,Other,WorldTotal,nonSVE,RAM,nonG33,nonLIFDC,newGroupOther,oldGroupOther
49,Cuba,ODCs,Manual,Upper middle income,UN WESP,Developing economies,OK,Yes,NFIDC,WorldTotal,SVE,nonRAM,G33,nonLIFDC,newGroup,oldGroup
279,Curaçao,ODCs,Manual,High-income,World Bank list of economies (March 2017),Developing economies,Small island developing States,No,Other,WorldTotal,nonSVE,nonRAMnonWTO,nonG33nonWTO,nonLIFDC,newGroupOther,oldGroupOther
50,Cyprus,ODCs,Manual,High-income,UN WESP,Developed economies,OK,Yes,Other,WorldTotal,nonSVE,nonRAM,nonG33,nonLIFDC,newGroupOther,oldGroupOther
167,Czechia,ODCs,Manual,High-income,UN WESP,Developed economies,OK,Yes,Other,WorldTotal,nonSVE,nonRAM,nonG33,nonLIFDC,newGroupOther,oldGroupOther
116,Democratic People's Republic of Korea,ODCs,Manual,Low-income,WB WITS,Developing economies,Manual,No,Other,WorldTotal,nonSVE,nonRAMnonWTO,nonG33nonWTO,LIFDC,newGroup,oldGroup
250,Democratic Republic of the Congo,LDC,UN WESP,Low-income,UN WESP,Developing economies,OK,Yes,NFIDC,WorldTotal,nonSVE,nonRAM,nonG33,LIFDC,newGroup,oldGroup
54,Denmark,ODCs,Manual,High-income,UN WESP,Developed economies,OK,Yes,Other,WorldTotal,nonSVE,nonRAM,nonG33,nonLIFDC,newGroupOther,oldGroup
72,Djibouti,LDC,UN WESP,Lower middle income,UN WESP,Developing economies,OK,Yes,NFIDC,WorldTotal,nonSVE,nonRAM,nonG33,LIFDC,newGroup,oldGroup
55,Dominica,ODCs,Manual,Upper middle income,World Bank list of economies (March 2017),Developing economies,Manual,Yes,NFIDC,WorldTotal,nonSVE,nonRAM,G33,nonLIFDC,newGroup,oldGroup
56,Dominican Republic,ODCs,Manual,Upper middle income,UN WESP,Developing economies,OK,Yes,NFIDC,WorldTotal,SVE,nonRAM,G33,nonLIFDC,newGroup,oldGroup
58,Ecuador,ODCs,Manual,Upper middle income,UN WESP,Developing economies,OK,Yes,Other,WorldTotal,nonSVE,RAM,nonG33,nonLIFDC,newGroupOther,oldGroup
59,Egypt,ODCs,Manual,Lower middle income,UN WESP,Developing economies,OK,Yes,NFIDC,WorldTotal,nonSVE,nonRAM,nonG33,nonLIFDC,newGroup,oldGroup
60,El Salvador,ODCs,Manual,Lower middle income,UN WESP,Developing economies,OK,Yes,NFIDC,WorldTotal,SVE,nonRAM,G33,nonLIFDC,newGroup,oldGroupOther
61,Equatorial Guinea,LDC,UN WESP,Upper middle income,UN WESP,Developing economies,OK,No,NFIDC,WorldTotal,nonSVE,nonRAMnonWTO,nonG33nonWTO,nonLIFDC,newGroup,oldGroup
178,Eritrea,LDC,UN WESP,Low-income,UN WESP,Developing economies,OK,No,NFIDC,WorldTotal,nonSVE,nonRAMnonWTO,nonG33nonWTO,LIFDC,newGroup,oldGroup
63,Estonia,ODCs,Manual,High-income,UN WESP,Developed economies,OK,Yes,Other,WorldTotal,nonSVE,nonRAM,nonG33,nonLIFDC,newGroupOther,oldGroupOther
238,Ethiopia,LDC,UN WESP,Low-income,UN WESP,Developing economies,OK,No,NFIDC,WorldTotal,nonSVE,nonRAMnonWTO,nonG33nonWTO,LIFDC,newGroup,oldGroup
140,Monaco,ODCs,Manual,High-income,WB WITS,Developed economies,Manual,No,Other,WorldTotal,nonSVE,nonRAMnonWTO,nonG33nonWTO,nonLIFDC,newGroupOther,oldGroupOther
64,Faroe Islands,ODCs,Manual,High-income,WB WITS,Developed economies,Manual,No,Other,WorldTotal,nonSVE,nonRAMnonWTO,nonG33nonWTO,nonLIFDC,newGroupOther,oldGroupOther
65,Falkland Islands (Malvinas),ODCs,Manual,Others,WB WITS,Developing economies,Manual,No,Other,WorldTotal,nonSVE,nonRAMnonWTO,nonG33nonWTO,nonLIFDC,newGroupOther,oldGroupOther
66,Fiji,ODCs,Manual,Upper middle income,UN WESP,Developing economies,OK,Yes,Other,WorldTotal,SVE,nonRAM,nonG33,nonLIFDC,newGroupOther,oldGroupOther
67,Finland,ODCs,Manual,High-income,UN WESP,Developed economies,OK,Yes,Other,WorldTotal,nonSVE,nonRAM,nonG33,nonLIFDC,newGroupOther,oldGroupOther
206,Sudan (former),ODCs,Manual,Lower middle income,World Bank list of economies (March 2017),Developing economies,OK,No,Other,WorldTotal,nonSVE,nonRAMnonWTO,nonG33nonWTO,nonLIFDC,newGroupOther,oldGroupOther
71,French Southern and Antarctic Territories,ODCs,Manual,Others,WB WITS,Developed economies,Manual,No,Other,WorldTotal,nonSVE,nonRAMnonWTO,nonG33nonWTO,nonLIFDC,newGroupOther,oldGroupOther
68,France,ODCs,Manual,High-income,UN WESP,Developed economies,OK,Yes,Other,WorldTotal,nonSVE,nonRAM,nonG33,nonLIFDC,newGroupOther,oldGroupOther
69,French Guiana,ODCs,Manual,High-income,WB WITS,Developed economies,Manual,No,Other,WorldTotal,nonSVE,nonRAMnonWTO,nonG33nonWTO,nonLIFDC,newGroupOther,oldGroupOther
70,French Polynesia,ODCs,Manual,High-income,World Bank list of economies (March 2017),Developing economies,Small island developing States,No,Other,WorldTotal,nonSVE,nonRAMnonWTO,nonG33nonWTO,nonLIFDC,newGroupOther,oldGroupOther
145,Micronesia (Federated States of),ODCs,Manual,High-income,WB WITS,Developing economies,Manual,No,Other,WorldTotal,nonSVE,nonRAMnonWTO,nonG33nonWTO,nonLIFDC,newGroupOther,oldGroupOther
74,Gabon,ODCs,Manual,Upper middle income,UN WESP,Developing economies,OK,Yes,NFIDC,WorldTotal,nonSVE,nonRAM,nonG33,nonLIFDC,newGroup,oldGroup
75,Gambia,LDC,UN WESP,Low-income,UN WESP,Developing economies,OK,Yes,NFIDC,WorldTotal,nonSVE,nonRAM,nonG33,LIFDC,newGroup,oldGroup
73,Georgia,ODCs,Manual,Upper middle income,UN WESP,Economies in transition,OK,Yes,Other,WorldTotal,nonSVE,nonRAM,nonG33,nonLIFDC,newGroupOther,oldGroup
79,Germany,ODCs,Manual,High-income,UN WESP,Developed economies,OK,Yes,Other,WorldTotal,nonSVE,nonRAM,nonG33,nonLIFDC,newGroupOther,oldGroupOther
81,Ghana,ODCs,Manual,Lower middle income,UN WESP,Developing economies,OK,Yes,Other,WorldTotal,nonSVE,nonRAM,nonG33,LIFDC,newGroup,oldGroup
82,Gibraltar,ODCs,Manual,High-income,World Bank list of economies (March 2017),Developed economies,Manual,No,Other,WorldTotal,nonSVE,nonRAMnonWTO,nonG33nonWTO,nonLIFDC,newGroupOther,oldGroupOther
84,Greece,ODCs,Manual,High-income,UN WESP,Developed economies,OK,Yes,Other,WorldTotal,nonSVE,nonRAM,nonG33,nonLIFDC,newGroupOther,oldGroupOther
85,Greenland,ODCs,Manual,High-income,World Bank list of economies (March 2017),Developed economies,Manual,No,Other,WorldTotal,nonSVE,nonRAMnonWTO,nonG33nonWTO,nonLIFDC,newGroupOther,oldGroupOther
86,Grenada,ODCs,Manual,Upper middle income,World Bank list of economies (March 2017),Developing economies,Small island developing States,Yes,NFIDC,WorldTotal,nonSVE,nonRAM,G33,nonLIFDC,newGroup,oldGroupOther
87,Guadeloupe,ODCs,Manual,Others,WB WITS,Developing economies,Small island developing States,No,Other,WorldTotal,nonSVE,nonRAMnonWTO,nonG33nonWTO,nonLIFDC,newGroupOther,oldGroupOther
88,Guam,ODCs,Manual,High-income,World Bank list of economies (March 2017),Developing economies,Small island developing States,No,Other,WorldTotal,nonSVE,nonRAMnonWTO,nonG33nonWTO,nonLIFDC,newGroupOther,oldGroupOther
89,Guatemala,ODCs,Manual,Lower middle income,UN WESP,Developing economies,OK,Yes,Other,WorldTotal,SVE,nonRAM,G33,nonLIFDC,newGroupOther,oldGroupOther
90,Guinea,LDC,UN WESP,Low-income,UN WESP,Developing economies,OK,Yes,NFIDC,WorldTotal,nonSVE,nonRAM,nonG33,LIFDC,newGroup,oldGroup
175,Guinea-Bissau,LDC,UN WESP,Low-income,UN WESP,Developing economies,OK,Yes,NFIDC,WorldTotal,nonSVE,nonRAM,nonG33,LIFDC,newGroup,oldGroup
91,Guyana,ODCs,Manual,Upper middle income,UN WESP,Developing economies,OK,Yes,Other,WorldTotal,nonSVE,nonRAM,G33,nonLIFDC,newGroupOther,oldGroupOther
93,Haiti,LDC,UN WESP,Low-income,UN WESP,Developing economies,OK,Yes,NFIDC,WorldTotal,nonSVE,nonRAM,G33,LIFDC,newGroup,oldGroup
92,Heard and McDonald Islands,ODCs,Manual,Others,WB WITS,Developing economies,Manual,No,Other,WorldTotal,nonSVE,nonRAMnonWTO,nonG33nonWTO,nonLIFDC,newGroupOther,oldGroupOther
94,Holy See,ODCs,Manual,High-income,World Bank list of economies (March 2017),Developed economies,Manual,No,Other,WorldTotal,nonSVE,nonRAMnonWTO,nonG33nonWTO,nonLIFDC,newGroupOther,oldGroupOther
95,Honduras,ODCs,Manual,Lower middle income,UN WESP,Developing economies,OK,Yes,NFIDC,WorldTotal,SVE,nonRAM,G33,nonLIFDC,newGroup,oldGroup
97,Hungary,ODCs,Manual,High-income,UN WESP,Developed economies,OK,Yes,Other,WorldTotal,nonSVE,nonRAM,nonG33,nonLIFDC,newGroupOther,oldGroupOther
99,Iceland,ODCs,Manual,High-income,UN WESP,Developed economies,OK,Yes,Other,WorldTotal,nonSVE,nonRAM,nonG33,nonLIFDC,newGroupOther,oldGroupOther
100,India,ODCs,Manual,Lower middle income,UN WESP,Developing economies,OK,Yes,Other,WorldTotal,nonSVE,nonRAM,G33,LIFDC,newGroup,oldGroup
101,Indonesia,ODCs,Manual,Lower middle income,UN WESP,Developing economies,OK,Yes,Other,WorldTotal,nonSVE,nonRAM,G33,nonLIFDC,newGroupOther,oldGroup
102,Iran (Islamic Republic of),ODCs,Manual,Upper middle income,UN WESP,Developing economies,OK,No,Other,WorldTotal,nonSVE,nonRAMnonWTO,nonG33nonWTO,nonLIFDC,newGroupOther,oldGroupOther
103,Iraq,ODCs,Manual,Upper middle income,UN WESP,Developing economies,OK,No,Other,WorldTotal,nonSVE,nonRAMnonWTO,nonG33nonWTO,nonLIFDC,newGroupOther,oldGroup
104,Ireland,ODCs,Manual,High-income,UN WESP,Developed economies,OK,Yes,Other,WorldTotal,nonSVE,nonRAM,nonG33,nonLIFDC,newGroupOther,oldGroupOther
105,Israel,ODCs,Manual,High-income,UN WESP,Developing economies,OK,Yes,Other,WorldTotal,nonSVE,nonRAM,nonG33,nonLIFDC,newGroupOther,oldGroupOther
106,Italy,ODCs,Manual,High-income,UN WESP,Developed economies,OK,Yes,Other,WorldTotal,nonSVE,nonRAM,nonG33,nonLIFDC,newGroupOther,oldGroupOther
109,Jamaica,ODCs,Manual,Upper middle income,UN WESP,Developing economies,OK,Yes,NFIDC,WorldTotal,nonSVE,nonRAM,G33,nonLIFDC,newGroup,oldGroup
110,Japan,ODCs,Manual,High-income,UN WESP,Developed economies,OK,Yes,Other,WorldTotal,nonSVE,nonRAM,nonG33,nonLIFDC,newGroupOther,oldGroupOther
112,Jordan,ODCs,Manual,Upper middle income,UN WESP,Developing economies,OK,Yes,NFIDC,WorldTotal,nonSVE,RAM,nonG33,nonLIFDC,newGroup,oldGroup
108,Kazakhstan,ODCs,Manual,Upper middle income,UN WESP,Economies in transition,OK,No,Other,WorldTotal,nonSVE,nonRAMnonWTO,nonG33nonWTO,nonLIFDC,newGroupOther,oldGroupOther
114,Kenya,ODCs,Manual,Lower middle income,UN WESP,Developing economies,OK,Yes,NFIDC,WorldTotal,nonSVE,nonRAM,G33,LIFDC,newGroup,oldGroup
83,Kiribati,LDC,UN WESP,Lower middle income,UN WESP,Developing economies,OK,No,NFIDC,WorldTotal,nonSVE,nonRAMnonWTO,nonG33nonWTO,nonLIFDC,newGroup,oldGroup
118,Kuwait,ODCs,Manual,High-income,UN WESP,Developing economies,OK,Yes,Other,WorldTotal,nonSVE,nonRAM,nonG33,nonLIFDC,newGroupOther,oldGroupOther
113,Kyrgyzstan,ODCs,Manual,Lower middle income,UN WESP,Economies in transition,OK,Yes,Other,WorldTotal,nonSVE,RAM,nonG33,LIFDC,newGroup,oldGroup
120,Lao People's Democratic Republic,LDC,UN WESP,Lower middle income,UN WESP,Developing economies,OK,No,NFIDC,WorldTotal,nonSVE,nonRAMnonWTO,nonG33nonWTO,nonLIFDC,newGroup,oldGroup
119,Latvia,ODCs,Manual,High-income,UN WESP,Developed economies,OK,Yes,Other,WorldTotal,nonSVE,nonRAM,nonG33,nonLIFDC,newGroupOther,oldGroupOther
121,Lebanon,ODCs,Manual,Upper middle income,UN WESP,Developing economies,OK,No,Other,WorldTotal,nonSVE,nonRAMnonWTO,nonG33nonWTO,nonLIFDC,newGroupOther,oldGroup
122,Lesotho,LDC,UN WESP,Lower middle income,UN WESP,Developing economies,OK,Yes,NFIDC,WorldTotal,nonSVE,nonRAM,nonG33,LIFDC,newGroup,oldGroupOther
123,Liberia,LDC,UN WESP,Low-income,UN WESP,Developing economies,OK,No,NFIDC,WorldTotal,nonSVE,nonRAMnonWTO,nonG33nonWTO,LIFDC,newGroup,oldGroup
124,Libya,ODCs,Manual,Upper middle income,UN WESP,Developing economies,OK,No,Other,WorldTotal,nonSVE,nonRAMnonWTO,nonG33nonWTO,nonLIFDC,newGroupOther,oldGroupOther
126,Lithuania,ODCs,Manual,High-income,UN WESP,Developed economies,OK,Yes,Other,WorldTotal,nonSVE,nonRAM,nonG33,nonLIFDC,newGroupOther,oldGroupOther
256,Luxembourg,ODCs,Manual,High-income,UN WESP,Developed economies,OK,Yes,Other,WorldTotal,nonSVE,nonRAM,nonG33,nonLIFDC,newGroupOther,oldGroupOther
129,Madagascar,LDC,UN WESP,Low-income,UN WESP,Developing economies,OK,Yes,NFIDC,WorldTotal,nonSVE,nonRAM,G33,LIFDC,newGroup,oldGroup
130,Malawi,LDC,UN WESP,Low-income,UN WESP,Developing economies,OK,Yes,NFIDC,WorldTotal,nonSVE,nonRAM,nonG33,LIFDC,newGroup,oldGroup
131,Malaysia,ODCs,Manual,Upper middle income,UN WESP,Developing economies,OK,Yes,Other,WorldTotal,nonSVE,nonRAM,nonG33,nonLIFDC,newGroupOther,oldGroupOther
132,Maldives,ODCs,Manual,Upper middle income,UN WESP,Developing economies,OK,Yes,NFIDC,WorldTotal,nonSVE,nonRAM,nonG33,nonLIFDC,newGroup,oldGroup
133,Mali,LDC,UN WESP,Low-income,UN WESP,Developing economies,OK,Yes,NFIDC,WorldTotal,nonSVE,nonRAM,nonG33,LIFDC,newGroup,oldGroup
134,Malta,ODCs,Manual,High-income,UN WESP,Developed economies,OK,Yes,Other,WorldTotal,nonSVE,nonRAM,nonG33,nonLIFDC,newGroupOther,oldGroupOther
127,Marshall Islands,ODCs,Manual,Upper middle income,World Bank list of economies (March 2017),Developing economies,Small island developing States,No,Other,WorldTotal,nonSVE,nonRAMnonWTO,nonG33nonWTO,nonLIFDC,newGroupOther,oldGroupOther
135,Martinique,ODCs,Manual,Others,WB WITS,Developing economies,Small island developing States,No,Other,WorldTotal,nonSVE,nonRAMnonWTO,nonG33nonWTO,nonLIFDC,newGroupOther,oldGroupOther
136,Mauritania,LDC,UN WESP,Lower middle income,UN WESP,Developing economies,OK,Yes,NFIDC,WorldTotal,nonSVE,nonRAM,nonG33,LIFDC,newGroup,oldGroup
137,Mauritius,ODCs,Manual,Upper middle income,UN WESP,Developing economies,OK,Yes,NFIDC,WorldTotal,SVE,nonRAM,G33,nonLIFDC,newGroup,oldGroup
270,Mayotte,ODCs,Manual,Others,WB WITS,Developing economies,Manual,No,Other,WorldTotal,nonSVE,nonRAMnonWTO,nonG33nonWTO,nonLIFDC,newGroupOther,oldGroupOther
138,Mexico,ODCs,Manual,Upper middle income,UN WESP,Developing economies,OK,Yes,Other,WorldTotal,nonSVE,nonRAM,nonG33,nonLIFDC,newGroupOther,oldGroupOther
141,Mongolia,ODCs,Manual,Lower middle income,UN WESP,Developing economies,OK,Yes,NFIDC,WorldTotal,SVE,nonRAM,G33,nonLIFDC,newGroup,oldGroup
273,Montenegro,ODCs,Manual,Upper middle income,UN WESP,Economies in transition,OK,No,Other,WorldTotal,nonSVE,nonRAMnonWTO,nonG33nonWTO,nonLIFDC,newGroupOther,oldGroupOther
142,Montserrat,ODCs,Manual,Others,WB WITS,Developing economies,Small island developing States,No,Other,WorldTotal,nonSVE,nonRAMnonWTO,nonG33nonWTO,nonLIFDC,newGroupOther,oldGroupOther
143,Morocco,ODCs,Manual,Lower middle income,UN WESP,Developing economies,OK,Yes,NFIDC,WorldTotal,nonSVE,nonRAM,nonG33,nonLIFDC,newGroup,oldGroup
144,Mozambique,LDC,UN WESP,Low-income,UN WESP,Developing economies,OK,Yes,NFIDC,WorldTotal,nonSVE,nonRAM,G33,LIFDC,newGroup,oldGroup
28,Myanmar,LDC,UN WESP,Lower middle income,UN WESP,Developing economies,OK,Yes,NFIDC,WorldTotal,nonSVE,nonRAM,nonG33,nonLIFDC,newGroup,oldGroup
163,Northern Mariana Islands,ODCs,Manual,High-income,WB WITS,Developing economies,Manual,No,Other,WorldTotal,nonSVE,nonRAMnonWTO,nonG33nonWTO,nonLIFDC,newGroupOther,oldGroupOther
147,Namibia,ODCs,Manual,Upper middle income,UN WESP,Developing economies,OK,Yes,NFIDC,WorldTotal,nonSVE,nonRAM,nonG33,nonLIFDC,newGroup,oldGroup
148,Nauru,ODCs,Manual,High-income,World Bank list of economies (March 2017),Developing economies,Small island developing States,No,Other,WorldTotal,nonSVE,nonRAMnonWTO,nonG33nonWTO,nonLIFDC,newGroupOther,oldGroupOther
149,Nepal,LDC,UN WESP,Low-income,UN WESP,Developing economies,OK,Yes,NFIDC,WorldTotal,nonSVE,nonRAM,nonG33,LIFDC,newGroup,oldGroup
151,Netherlands Antilles (former),ODCs,Manual,High-income,World Bank list of economies (March 2017),Developed economies,Manual,Yes,Other,WorldTotal,nonSVE,nonRAM,nonG33,nonLIFDC,newGroupOther,oldGroupOther
150,Netherlands,ODCs,Manual,High-income,UN WESP,Developed economies,OK,Yes,Other,WorldTotal,nonSVE,nonRAM,nonG33,nonLIFDC,newGroupOther,oldGroupOther
153,New Caledonia,ODCs,Manual,High-income,World Bank list of economies (March 2017),Developing economies,Small island developing States,No,Other,WorldTotal,nonSVE,nonRAMnonWTO,nonG33nonWTO,nonLIFDC,newGroupOther,oldGroupOther
156,New Zealand,ODCs,Manual,High-income,UN WESP,Developed economies,OK,Yes,Other,WorldTotal,nonSVE,nonRAM,nonG33,nonLIFDC,newGroupOther,oldGroupOther
157,Nicaragua,ODCs,Manual,Lower middle income,UN WESP,Developing economies,OK,Yes,Other,WorldTotal,SVE,nonRAM,G33,LIFDC,newGroup,oldGroup
158,Niger,LDC,UN WESP,Low-income,UN WESP,Developing economies,OK,Yes,NFIDC,WorldTotal,nonSVE,nonRAM,nonG33,LIFDC,newGroup,oldGroup
159,Nigeria,ODCs,Manual,Lower middle income,UN WESP,Developing economies,OK,Yes,Other,WorldTotal,nonSVE,nonRAM,G33,LIFDC,newGroup,oldGroup
160,Niue,ODCs,Manual,Others,WB WITS,Developing economies,Small island developing States,No,Other,WorldTotal,nonSVE,nonRAMnonWTO,nonG33nonWTO,nonLIFDC,newGroupOther,oldGroupOther
161,Norfolk Island,ODCs,Manual,High-income,World Bank list of economies (March 2017),Developed economies,Manual,No,Other,WorldTotal,nonSVE,nonRAMnonWTO,nonG33nonWTO,nonLIFDC,newGroupOther,oldGroupOther
162,Norway,ODCs,Manual,High-income,UN WESP,Developed economies,OK,Yes,Other,WorldTotal,nonSVE,nonRAM,nonG33,nonLIFDC,newGroupOther,oldGroupOther
221,Oman,ODCs,Manual,High-income,UN WESP,Developing economies,OK,Yes,Other,WorldTotal,nonSVE,RAM,nonG33,nonLIFDC,newGroupOther,oldGroupOther
214,"China, Taiwan Province of",ODCs,Manual,Others,WB WITS,"Other regions, nes",Manual,No,Other,WorldTotal,nonSVE,nonRAMnonWTO,nonG33nonWTO,nonLIFDC,newGroup,oldGroup
165,Pakistan,ODCs,Manual,Lower middle income,UN WESP,Developing economies,OK,Yes,NFIDC,WorldTotal,nonSVE,nonRAM,G33,LIFDC,newGroup,oldGroup
180,Palau,ODCs,Manual,Upper middle income,World Bank list of economies (March 2017),Developing economies,Small island developing States,No,Other,WorldTotal,nonSVE,nonRAMnonWTO,nonG33nonWTO,nonLIFDC,newGroupOther,oldGroupOther
166,Panama,ODCs,Manual,Upper middle income,UN WESP,Developing economies,OK,Yes,Other,WorldTotal,nonSVE,RAM,G33,nonLIFDC,newGroupOther,oldGroupOther
168,Papua New Guinea,ODCs,Manual,Lower middle income,UN WESP,Developing economies,OK,Yes,Other,WorldTotal,SVE,nonRAM,nonG33,LIFDC,newGroup,oldGroup
169,Paraguay,ODCs,Manual,Upper middle income,UN WESP,Developing economies,OK,Yes,Other,WorldTotal,SVE,nonRAM,nonG33,nonLIFDC,newGroupOther,oldGroupOther
170,Peru,ODCs,Manual,Upper middle income,UN WESP,Developing economies,OK,Yes,NFIDC,WorldTotal,nonSVE,nonRAM,G33,nonLIFDC,newGroup,oldGroup
171,Philippines,ODCs,Manual,Lower middle income,UN WESP,Developing economies,OK,Yes,Other,WorldTotal,nonSVE,nonRAM,G33,nonLIFDC,newGroupOther,oldGroup
172,Pitcairn Islands,ODCs,Manual,Others,WB WITS,Developing economies,Manual,No,Other,WorldTotal,nonSVE,nonRAMnonWTO,nonG33nonWTO,nonLIFDC,newGroupOther,oldGroupOther
173,Poland,ODCs,Manual,High-income,UN WESP,Developed economies,OK,Yes,Other,WorldTotal,nonSVE,nonRAM,nonG33,nonLIFDC,newGroupOther,oldGroupOther
174,Portugal,ODCs,Manual,High-income,UN WESP,Developed economies,OK,Yes,Other,WorldTotal,nonSVE,nonRAM,nonG33,nonLIFDC,newGroupOther,oldGroupOther
179,Qatar,ODCs,Manual,High-income,UN WESP,Developing economies,OK,Yes,Other,WorldTotal,nonSVE,nonRAM,nonG33,nonLIFDC,newGroupOther,oldGroupOther
117,Republic of Korea,ODCs,Manual,High-income,UN WESP,Developing economies,OK,Yes,Other,WorldTotal,nonSVE,nonRAM,G33,nonLIFDC,newGroupOther,oldGroupOther
146,Republic of Moldova,ODCs,Manual,Lower middle income,UN WESP,Economies in transition,OK,Yes,Other,WorldTotal,nonSVE,RAM,nonG33,nonLIFDC,newGroupOther,oldGroupOther
182,Réunion,ODCs,Manual,High-income,WB WITS,Developed economies,OK,No,Other,WorldTotal,nonSVE,nonRAMnonWTO,nonG33nonWTO,nonLIFDC,newGroupOther,oldGroupOther
183,Romania,ODCs,Manual,Upper middle income,UN WESP,Developed economies,OK,Yes,Other,WorldTotal,nonSVE,nonRAM,nonG33,nonLIFDC,newGroupOther,oldGroupOther
185,Russian Federation,ODCs,Manual,Upper middle income,UN WESP,Economies in transition,OK,No,Other,WorldTotal,nonSVE,nonRAMnonWTO,nonG33nonWTO,nonLIFDC,newGroupOther,oldGroupOther
184,Rwanda,LDC,UN WESP,Low-income,UN WESP,Developing economies,OK,Yes,NFIDC,WorldTotal,nonSVE,nonRAM,nonG33,LIFDC,newGroup,oldGroup
187,"Saint Helena, Ascension and Tristan da Cunha",ODCs,Manual,Others,WB WITS,Developing economies,Manual,No,Other,WorldTotal,nonSVE,nonRAMnonWTO,nonG33nonWTO,nonLIFDC,newGroupOther,oldGroupOther
188,Saint Kitts and Nevis,ODCs,Manual,High-income,World Bank list of economies (March 2017),Developing economies,Small island developing States,Yes,NFIDC,WorldTotal,nonSVE,nonRAM,G33,nonLIFDC,newGroup,oldGroup
189,Saint Lucia,ODCs,Manual,Upper middle income,World Bank list of economies (March 2017),Developing economies,Small island developing States,Yes,NFIDC,WorldTotal,nonSVE,nonRAM,G33,nonLIFDC,newGroup,oldGroup
280,Sint Maarten (Dutch Part),ODCs,Manual,Upper middle income,World Bank list of economies (March 2017),Developing economies,Manual,No,Other,WorldTotal,nonSVE,nonRAMnonWTO,nonG33nonWTO,nonLIFDC,newGroupOther,oldGroupOther
190,Saint Pierre and Miquelon,ODCs,Manual,Others,WB WITS,Developing economies,Manual,No,Other,WorldTotal,nonSVE,nonRAMnonWTO,nonG33nonWTO,nonLIFDC,newGroupOther,oldGroupOther
191,Saint Vincent and the Grenadines,ODCs,Manual,High-income,World Bank list of economies (March 2017),Developing economies,Manual,Yes,NFIDC,WorldTotal,nonSVE,nonRAM,G33,nonLIFDC,newGroup,oldGroup
244,Samoa,ODCs,Manual,Lower middle income,UN WESP,Developing economies,OK,No,Other,WorldTotal,nonSVE,nonRAMnonWTO,nonG33nonWTO,nonLIFDC,newGroupOther,oldGroup
192,San Marino,ODCs,Manual,High-income,UN WESP,Developed economies,Manual,No,Other,WorldTotal,nonSVE,nonRAMnonWTO,nonG33nonWTO,nonLIFDC,newGroupOther,oldGroupOther
193,Sao Tome and Principe,LDC,UN WESP,Lower middle income,UN WESP,Developing economies,OK,No,NFIDC,WorldTotal,nonSVE,nonRAMnonWTO,nonG33nonWTO,LIFDC,newGroup,oldGroup
194,Saudi Arabia,ODCs,Manual,High-income,UN WESP,Developing economies,OK,Yes,Other,WorldTotal,nonSVE,RAM,nonG33,nonLIFDC,newGroupOther,oldGroupOther
195,Senegal,LDC,UN WESP,Low-income,UN WESP,Developing economies,OK,Yes,NFIDC,WorldTotal,nonSVE,nonRAM,G33,LIFDC,newGroup,oldGroup
272,Serbia,ODCs,Manual,Upper middle income,UN WESP,Economies in transition,OK,NO,Other,WorldTotal,nonSVE,nonRAMnonWTO,nonG33nonWTO,nonLIFDC,newGroupOther,oldGroupOther
186,Serbia and Montenegro,ODCs,Manual,Upper middle income,World Bank list of economies (March 2017),Economies in transition,OK,No,Other,WorldTotal,nonSVE,nonRAMnonWTO,nonG33nonWTO,nonLIFDC,newGroupOther,oldGroupOther
196,Seychelles,ODCs,Manual,High-income,WB WITS,Economies in transition,OK,No,Other,WorldTotal,nonSVE,nonRAMnonWTO,nonG33nonWTO,nonLIFDC,newGroupOther,oldGroupOther
197,Sierra Leone,LDC,UN WESP,Low-income,UN WESP,Developing economies,OK,Yes,NFIDC,WorldTotal,nonSVE,nonRAM,nonG33,LIFDC,newGroup,oldGroup
200,Singapore,ODCs,Manual,High-income,UN WESP,Developing economies,OK,Yes,Other,WorldTotal,nonSVE,nonRAM,nonG33,nonLIFDC,newGroupOther,oldGroupOther
199,Slovakia,ODCs,Manual,High-income,UN WESP,Developed economies,OK,Yes,Other,WorldTotal,nonSVE,nonRAM,nonG33,nonLIFDC,newGroupOther,oldGroupOther
198,Slovenia,ODCs,Manual,High-income,UN WESP,Developed economies,OK,Yes,Other,WorldTotal,nonSVE,nonRAM,nonG33,nonLIFDC,newGroupOther,oldGroupOther
25,Solomon Islands,LDC,UN WESP,Lower middle income,UN WESP,Developing economies,OK,Yes,NFIDC,WorldTotal,nonSVE,nonRAM,nonG33,LIFDC,newGroup,oldGroup
201,Somalia,LDC,UN WESP,Low-income,UN WESP,Developing economies,OK,No,NFIDC,WorldTotal,nonSVE,nonRAMnonWTO,nonG33nonWTO,LIFDC,newGroup,oldGroup
202,South Africa,ODCs,Manual,Upper middle income,UN WESP,Developing economies,OK,Yes,Other,WorldTotal,nonSVE,nonRAM,nonG33,nonLIFDC,newGroupOther,oldGroupOther
277,South Sudan,LDC,UN WESP,Low-income,World Bank list of economies (March 2017),Developing economies,OK,No,NFIDC,WorldTotal,nonSVE,nonRAMnonWTO,nonG33nonWTO,LIFDC,newGroup,oldGroupOther
203,Spain,ODCs,Manual,High-income,UN WESP,Developed economies,OK,Yes,Other,WorldTotal,nonSVE,nonRAM,nonG33,nonLIFDC,newGroupOther,oldGroupOther
38,Sri Lanka,ODCs,Manual,Lower middle income,UN WESP,Developing economies,OK,Yes,NFIDC,WorldTotal,nonSVE,nonRAM,G33,nonLIFDC,newGroup,oldGroup
299,Occupied Palestinian Territory,ODCs,Manual,Low-income,WB WITS,Developing economies,Manual,No,Other,WorldTotal,nonSVE,nonRAMnonWTO,nonG33nonWTO,nonLIFDC,newGroupOther,oldGroupOther
276,Sudan,LDC,UN WESP,Lower middle income,UN WESP,Developing economies,OK,No,NFIDC,WorldTotal,nonSVE,nonRAMnonWTO,nonG33nonWTO,LIFDC,newGroup,oldGroup
207,Suriname,ODCs,Manual,Upper middle income,UN WESP,Developing economies,OK,Yes,Other,WorldTotal,nonSVE,nonRAM,G33,nonLIFDC,newGroupOther,oldGroupOther
209,Swaziland,ODCs,Manual,Lower middle income,UN WESP,Developing economies,OK,Yes,NFIDC,WorldTotal,nonSVE,nonRAM,nonG33,nonLIFDC,newGroup,oldGroup
210,Sweden,ODCs,Manual,High-income,UN WESP,Developed economies,OK,Yes,Other,WorldTotal,nonSVE,nonRAM,nonG33,nonLIFDC,newGroupOther,oldGroupOther
211,Switzerland,ODCs,Manual,High-income,UN WESP,Developed economies,OK,Yes,Other,WorldTotal,nonSVE,nonRAM,nonG33,nonLIFDC,newGroupOther,oldGroupOther
212,Syrian Arab Republic,ODCs,Manual,Lower middle income,UN WESP,Developing economies,OK,No,Other,WorldTotal,nonSVE,nonRAMnonWTO,nonG33nonWTO,LIFDC,newGroup,oldGroup
208,Tajikistan,ODCs,Manual,Lower middle income,UN WESP,Economies in transition,OK,No,Other,WorldTotal,nonSVE,nonRAMnonWTO,nonG33nonWTO,LIFDC,newGroup,oldGroup
154,The former Yugoslav Republic of Macedonia,ODCs,Manual,Upper middle income,UN WESP,Economies in transition,OK,Yes,Other,WorldTotal,nonSVE,RAM,nonG33,nonLIFDC,newGroupOther,oldGroupOther
216,Thailand,ODCs,Manual,Upper middle income,UN WESP,Developing economies,OK,Yes,Other,WorldTotal,nonSVE,nonRAM,nonG33,nonLIFDC,newGroupOther,oldGroupOther
176,Timor-Leste,LDC,UN WESP,Lower middle income,UN WESP,Developing economies,OK,No,NFIDC,WorldTotal,nonSVE,nonRAMnonWTO,nonG33nonWTO,nonLIFDC,newGroup,oldGroup
217,Togo,LDC,UN WESP,Low-income,UN WESP,Developing economies,OK,Yes,NFIDC,WorldTotal,nonSVE,nonRAM,nonG33,LIFDC,newGroup,oldGroup
218,Tokelau,ODCs,Manual,Others,WB WITS,Developing economies,Manual,No,Other,WorldTotal,nonSVE,nonRAMnonWTO,nonG33nonWTO,nonLIFDC,newGroupOther,oldGroupOther
219,Tonga,ODCs,Manual,Lower middle income,World Bank list of economies (March 2017),Developing economies,Small island developing States,Yes,Other,WorldTotal,nonSVE,nonRAM,nonG33,nonLIFDC,newGroupOther,oldGroup
220,Trinidad and Tobago,ODCs,Manual,High-income,UN WESP,Developing economies,OK,Yes,NFIDC,WorldTotal,SVE,nonRAM,G33,nonLIFDC,newGroup,oldGroup
222,Tunisia,ODCs,Manual,Lower middle income,UN WESP,Developing economies,OK,Yes,NFIDC,WorldTotal,nonSVE,nonRAM,nonG33,nonLIFDC,newGroup,oldGroup
223,Turkey,ODCs,Manual,Upper middle income,UN WESP,Developing economies,OK,Yes,Other,WorldTotal,nonSVE,nonRAM,G33,nonLIFDC,newGroupOther,oldGroupOther
213,Turkmenistan,ODCs,Manual,Upper middle income,UN WESP,Economies in transition,OK,No,Other,WorldTotal,nonSVE,nonRAMnonWTO,nonG33nonWTO,nonLIFDC,newGroupOther,oldGroup
224,Turks and Caicos Islands,ODCs,Manual,High-income,World Bank list of economies (March 2017),Developing economies,Small island developing States,No,Other,WorldTotal,nonSVE,nonRAMnonWTO,nonG33nonWTO,nonLIFDC,newGroupOther,oldGroupOther
227,Tuvalu,LDC,UN WESP,Upper middle income,World Bank list of economies (March 2017),Developing economies,Small island developing States,No,NFIDC,WorldTotal,nonSVE,nonRAMnonWTO,nonG33nonWTO,nonLIFDC,newGroup,oldGroup
226,Uganda,LDC,UN WESP,Low-income,UN WESP,Developing economies,OK,Yes,NFIDC,WorldTotal,nonSVE,nonRAM,G33,LIFDC,newGroup,oldGroup
230,Ukraine,ODCs,Manual,Lower middle income,UN WESP,Economies in transition,OK,Yes,Other,WorldTotal,nonSVE,RAM,nonG33,nonLIFDC,newGroupOther,oldGroupOther
225,United Arab Emirates,ODCs,Manual,High-income,UN WESP,Developing economies,OK,Yes,Other,WorldTotal,nonSVE,nonRAM,nonG33,nonLIFDC,newGroupOther,oldGroupOther
229,United Kingdom,ODCs,Manual,High-income,UN WESP,Developed economies,OK,Yes,Other,WorldTotal,nonSVE,nonRAM,nonG33,nonLIFDC,newGroupOther,oldGroupOther
215,United Republic of Tanzania,LDC,UN WESP,Low-income,UN WESP,Developing economies,OK,Yes,NFIDC,WorldTotal,nonSVE,nonRAM,G33,LIFDC,newGroup,oldGroup
232,US Minor Is.,ODCs,Manual,High-income,World Bank list of economies (March 2017),Developing economies,Small island developing States,No,Other,WorldTotal,nonSVE,nonRAMnonWTO,nonG33nonWTO,nonLIFDC,newGroupOther,oldGroupOther
234,Uruguay,ODCs,Manual,High-income,UN WESP,Developing economies,OK,Yes,Other,WorldTotal,nonSVE,nonRAM,nonG33,nonLIFDC,newGroupOther,oldGroupOther
231,United States of America,ODCs,Manual,High-income,UN WESP,Developed economies,OK,Yes,Other,WorldTotal,nonSVE,nonRAM,nonG33,nonLIFDC,newGroupOther,oldGroupOther
235,Uzbekistan,ODCs,Manual,Lower middle income,UN WESP,Economies in transition,OK,No,Other,WorldTotal,nonSVE,nonRAMnonWTO,nonG33nonWTO,LIFDC,newGroup,oldGroup
155,Vanuatu,LDC,UN WESP,Lower middle income,UN WESP,Developing economies,OK,No,NFIDC,WorldTotal,nonSVE,nonRAMnonWTO,nonG33nonWTO,nonLIFDC,newGroup,oldGroup
236,Venezuela (Bolivarian Republic of),ODCs,Manual,Upper middle income,UN WESP,Developing economies,OK,Yes,NFIDC,WorldTotal,nonSVE,nonRAM,G33,nonLIFDC,newGroup,oldGroup
237,Viet Nam,ODCs,Manual,Lower middle income,UN WESP,Developing economies,OK,Yes,Other,WorldTotal,nonSVE,nonRAM,nonG33,nonLIFDC,newGroupOther,oldGroupOther
243,Wallis and Futuna Islands,ODCs,Manual,Others,WB WITS,Developing economies,Manual,No,Other,WorldTotal,nonSVE,nonRAMnonWTO,nonG33nonWTO,nonLIFDC,newGroupOther,oldGroupOther
205,Western Sahara,ODCs,Manual,Others,WB WITS,Developing economies,Manual,No,Other,WorldTotal,nonSVE,nonRAMnonWTO,nonG33nonWTO,nonLIFDC,newGroupOther,oldGroupOther
249,Yemen,LDC,UN WESP,Lower middle income,UN WESP,Developing economies,OK,No,NFIDC,WorldTotal,nonSVE,nonRAMnonWTO,nonG33nonWTO,LIFDC,newGroup,oldGroup
251,Zambia,LDC,UN WESP,Lower middle income,UN WESP,Developing economies,OK,Yes,NFIDC,WorldTotal,nonSVE,nonRAM,G33,nonLIFDC,newGroup,oldGroup
181,Zimbabwe,ODCs,Manual,Low-income,UN WESP,Developing economies,OK,Yes,Other,WorldTotal,nonSVE,nonRAM,G33,LIFDC,newGroup,oldGroup
